dropout	val_loss
0	2.333917
10	2.216957
20	2.230070
